author,price,name,producer,url,productImage,previewPDFURL
Giddins,24.95,50 Essential Chess Lessons,Gambit Publications,http://www.gambitbooks.com/books/50_Essential_Chess_Lessons.html,http://www.gambitbooks.com/bigimg/50_Essential_Chess_Lessons_Big.jpg,http://www.gambitbooks.com/pdfs/50_Essential_Chess_Lessons.pdf
Giddins,14.95,50 Ways to Win at Chess,Gambit Publications,http://www.gambitbooks.com/books/50_Ways_to_Win_at_Chess.html,http://www.gambitbooks.com/bigimg/50_Ways_to_Win_at_Chess_Big.jpg,http://www.gambitbooks.com/pdfs/50_Ways_to_Win_at_Chess.pdf
Gallagher,17.95,101 Attacking Ideas in Chess,Gambit Publications,http://www.gambitbooks.com/books/101_Attacking_Ideas_in_Chess.html,http://www.gambitbooks.com/bigimg/101_Attacking_Ideas_in_Chess_Big.jpg,http://www.gambitbooks.com/pdfs/101_Attacking_Ideas_in_Chess.pdf
Nunn,19.95,101 Brilliant Chess Miniatures,Gambit Publications,http://www.gambitbooks.com/books/101_Brilliant_Chess_Miniatures.html,http://www.gambitbooks.com/bigimg/101_Brilliant_Chess_Miniatures_Big.jpg,http://www.gambitbooks.com/pdfs/101_Brilliant_Chess_Miniatures.pdf
Giddins,19.95,101 Chess Endgame Tips,Gambit Publications,http://www.gambitbooks.com/books/101_Chess_Endgame_Tips.html,http://www.gambitbooks.com/bigimg/101_Chess_Endgame_Tips_Big.jpg,http://www.gambitbooks.com/pdfs/101_Chess_Endgame_Tips.pdf
Giddins,14.95,101 Chess Opening Traps,Gambit Publications,http://www.gambitbooks.com/books/101_Chess_Opening_Traps.html,http://www.gambitbooks.com/bigimg/101_Chess_Opening_Traps_Big.jpg,http://www.gambitbooks.com/pdfs/101_Chess_Opening_Traps.pdf
Giddins,14.95,101 Chess Questions Answered,Gambit Publications,http://www.gambitbooks.com/books/101_Chess_Questions_Answered.html,http://www.gambitbooks.com/bigimg/101_Chess_Questions_Answered_Big.jpg,http://www.gambitbooks.com/pdfs/101_Chess_Questions_Answered.pdf
Dunnington,17.95,101 Winning Chess Strategies,Gambit Publications,http://www.gambitbooks.com/books/101_Winning_Chess_Strategies.html,http://www.gambitbooks.com/bigimg/101_Winning_Chess_Strategies_Big.jpg,http://www.gambitbooks.com/pdfs/101_Winning_Chess_Strategies.pdf
Nunn,24.95,1001 Deadly Checkmates,Gambit Publications,http://www.gambitbooks.com/books/1001_Deadly_Checkmates.html,http://www.gambitbooks.com/bigimg/1001_Deadly_Checkmates_Big.jpg,http://www.gambitbooks.com/pdfs/1001_Deadly_Checkmates.pdf
Burgess,21.95,125 Chess Opening Surprises,Gambit Publications,http://www.gambitbooks.com/books/125_Chess_Opening_Surprises.html,http://www.gambitbooks.com/bigimg/125_Chess_Opening_Surprises_Big.jpg,http://www.gambitbooks.com/pdfs/125_Chess_Opening_Surprises.pdf
Gallagher,14.95,365 Ways to Checkmate,Gambit Publications,http://www.gambitbooks.com/books/365_Ways_to_Checkmate.html,http://www.gambitbooks.com/bigimg/365_Ways_to_Checkmate_Big.jpg,http://www.gambitbooks.com/pdfs/365_Ways_to_Checkmate.pdf
Kravtsiv,21.95,"
				  600 Modern Chess Puzzles",Gambit Publications,http://www.gambitbooks.com/books/600_Modern_Chess_Puzzles.html,http://www.gambitbooks.com/bigimg/600_Modern_Chess_Puzzles_Big.jpg,http://www.gambitbooks.com/pdfs/600_Modern_Chess_Puzzles.pdf
Rogozenko,22.95,Anti-Sicilians: A Guide for Black,Gambit Publications,http://www.gambitbooks.com/books/Anti-Sicilians_A_Guide_for_Black.html,http://www.gambitbooks.com/bigimg/Anti-Sicilians_A_Guide_for_Black_Big.jpg,http://www.gambitbooks.com/pdfs/Anti-Sicilians_A_Guide_for_Black.pdf
Franco,14.95,"The Art of 
				  Attacking Chess",Gambit Publications,http://www.gambitbooks.com/books/The_Art_of_Attacking_Chess.html,http://www.gambitbooks.com/bigimg/The_Art_of_Attacking_Chess_Big.jpg,http://www.gambitbooks.com/pdfs/The_Art_of_Attacking_Chess.pdf
Kislik,28.95,"
				  Applying Logic in Chess",Gambit Publications,http://www.gambitbooks.com/books/Applying_Logic_in_Chess.html,http://www.gambitbooks.com/bigimg/Applying_Logic_in_Chess_Big.jpg,http://www.gambitbooks.com/pdfs/Applying_Logic_in_Chess.pdf
Aveskulov,22.95,Attack with Black,Gambit Publications,http://www.gambitbooks.com/books/Attack_with_Black.html,http://www.gambitbooks.com/bigimg/Attack_with_Black_Big.jpg,http://www.gambitbooks.com/pdfs/Attack_with_Black.pdf
Grivas,14.95,Beating the Fianchetto Defences,Gambit Publications,http://www.gambitbooks.com/books/Beating_the_Fianchetto_Defences.html,http://www.gambitbooks.com/bigimg/Beating_the_Fianchetto_Defences_Big.jpg,http://www.gambitbooks.com/pdfs/Beating_the_Fianchetto_Defences.pdf
Kongsted,14.95,Beat the Grandmasters,Gambit Publications,http://www.gambitbooks.com/books/Beat_the_Grandmasters.html,http://www.gambitbooks.com/bigimg/Beat_the_Grandmasters_Big.jpg,http://www.gambitbooks.com/pdfs/Beat_the_Grandmasters.pdf
Panczyk & Ilczuk,18.95,The Cambridge Springs,Gambit Publications,http://www.gambitbooks.com/books/The_Cambridge_Springs.html,http://www.gambitbooks.com/bigimg/The_Cambridge_Springs_Big.jpg,http://www.gambitbooks.com/pdfs/The_Cambridge_Springs.pdf
Song and Preotu,21.95,The Chess Attacker’s Handbook,Gambit Publications,http://www.gambitbooks.com/books/The_Chess_Attacker's_Handbook.html,http://www.gambitbooks.com/bigimg/The_Chess_Attacker's_Handbook_Big.jpg,http://www.gambitbooks.com/pdfs/The_Chess_Attacker's_Handbook.pdf
Nunn,22.95,"The Chess 
				  Endgame Exercise Book",Gambit Publications,http://www.gambitbooks.com/books/The_Chess_Endgame_Exercise_Book.html,http://www.gambitbooks.com/bigimg/The_Chess_Endgame_Exercise_Book_Big.jpg,http://www.gambitbooks.com/pdfs/The_Chess_Endgame_Exercise_Book.pdf
Nunn,16.95,"Chess 
				  Endgame Workbook for Kids",Gambit Publications,http://www.gambitbooks.com/books/Chess_Endgame_Workbook_for_Kids.html,http://www.gambitbooks.com/bigimg/Chess_Endgame_Workbook_for_Kids_Big.jpg,http://www.gambitbooks.com/pdfs/Chess_Endgame_Workbook_for_Kids.pdf
Müller,16.95,"Chess Endgames 
				  for Kids",Gambit Publications,http://www.gambitbooks.com/books/Chess_Endgames_for_Kids.html,http://www.gambitbooks.com/bigimg/Chess_Endgames_for_Kids_Big.jpg,http://www.gambitbooks.com/pdfs/Chess_Endgames_for_Kids.pdf
Collins,19.95,Chess Explained: the c3 Sicilian,Gambit Publications,http://www.gambitbooks.com/books/Chess_Explained_The_c3_Sicilian.html,http://www.gambitbooks.com/bigimg/Chess_Explained_The_c3_Sicilian_Big.jpg,http://www.gambitbooks.com/pdfs/Chess_Explained_The_c3_Sicilian.pdf
Yermolinsky,19.95,Chess Explained: the Classical Sicilian,Gambit Publications,http://www.gambitbooks.com/books/Chess_Explained_The_Classical_Sicilian.html,http://www.gambitbooks.com/bigimg/Chess_Explained_The_Classical_Sicilian_Big.jpg,http://www.gambitbooks.com/pdfs/Chess_Explained_The_Classical_Sicilian.pdf
Franco,19.95,Chess Explained: the English Opening,Gambit Publications,http://www.gambitbooks.com/books/Chess_Explained_the_English_Opening.html,http://www.gambitbooks.com/bigimg/Chess_Explained_the_English_Opening_Big.jpg,http://www.gambitbooks.com/pdfs/Chess_Explained_the_English_Opening.pdf
Eingorn & Bogdanov,23.95,Chess Explained: the French,Gambit Publications,http://www.gambitbooks.com/books/Chess_Explained_The_French.html,http://www.gambitbooks.com/bigimg/Chess_Explained_The_French_Big.jpg,http://www.gambitbooks.com/pdfs/Chess_Explained_The_French.pdf
Bogdanov ,24.95,Chess Explained: The Grünfeld,Gambit Publications,http://www.gambitbooks.com/books/Chess_Explained_The_Grunfeld.html,http://www.gambitbooks.com/bigimg/Chess_Explained_The_Grunfeld_Big.jpg,http://www.gambitbooks.com/pdfs/Chess_Explained_The_Grunfeld.pdf
Vigorito,24.95,Chess Explained: the Main-Line Slav,Gambit Publications,http://www.gambitbooks.com/books/Chess_Explained_The_Main-Line_Slav.html,http://www.gambitbooks.com/bigimg/Chess_Explained_The_Main-Line_Slav_Big.jpg,http://www.gambitbooks.com/pdfs/Chess_Explained_The_Main-Line_Slav.pdf
Vera,23.95,Chess Explained: the Meran Semi-Slav,Gambit Publications,http://www.gambitbooks.com/books/Chess_Explained_the_Meran_Semi-Slav.html,http://www.gambitbooks.com/bigimg/Chess_Explained_the_Meran_Semi-Slav_Big.jpg,http://www.gambitbooks.com/pdfs/Chess_Explained_the_Meran_Semi-Slav.pdf
Franco,23.95,Chess Explained: the Modern Benoni,Gambit Publications,http://www.gambitbooks.com/books/Chess_Explained_the_Modern_Benoni.html,http://www.gambitbooks.com/bigimg/Chess_Explained_the_Modern_Benoni_Big.jpg,http://www.gambitbooks.com/pdfs/Chess_Explained_the_Modern_Benoni.pdf
Vera,23.95,Chess Explained: the Nimzo-Indian,Gambit Publications,http://www.gambitbooks.com/books/Chess_Explained_the_Nimzo-Indian.html,http://www.gambitbooks.com/bigimg/Chess_Explained_the_Nimzo-Indian_Big.jpg,http://www.gambitbooks.com/pdfs/Chess_Explained_the_Nimzo-Indian.pdf
Rizzitano,23.95,Chess Explained: the Queen's Gambit Declined,Gambit Publications,http://www.gambitbooks.com/books/Chess_Explained_the_Queen's_Gambit_Declined.html,http://www.gambitbooks.com/bigimg/Chess_Explained_the_Queen's_Gambit_Declined_Big.jpg,http://www.gambitbooks.com/pdfs/Chess_Explained_the_Queen's_Gambit_Declined.pdf
Wells,19.95,Chess Explained: the Queen's Indian,Gambit Publications,http://www.gambitbooks.com/books/Chess_Explained_The_Queen's_Indian.html,http://www.gambitbooks.com/bigimg/Chess_Explained_The_Queen's_Indian_Big.jpg,http://www.gambitbooks.com/pdfs/Chess_Explained_The_Queen's_Indian.pdf
Rizzitano,19.95,Chess Explained: the Taimanov Sicilian,Gambit Publications,http://www.gambitbooks.com/books/Chess_Explained_the_Taimanov_Sicilian.html,http://www.gambitbooks.com/bigimg/Chess_Explained_the_Taimanov_Sicilian_Big.jpg,http://www.gambitbooks.com/pdfs/Chess_Explained_the_Taimanov_Sicilian.pdf
Chandler & Milligan,16.95,Chess for Children,Gambit Publications,http://www.gambitbooks.com/books/Chess_for_Children.html,http://www.gambitbooks.com/bigimg/Chess_for_Children_Big.jpg,http://www.gambitbooks.com/pdfs/Chess_for_Children.pdf
Sadler & Regan,24.95,Chess for Life,Gambit Publications,http://www.gambitbooks.com/books/Chess_for_Life.html,http://www.gambitbooks.com/bigimg/Chess_for_Life_Big.jpg,http://www.gambitbooks.com/pdfs/Chess_for_Life.pdf
Rowson,29.95,Chess for Zebras,Gambit Publications,http://www.gambitbooks.com/books/Chess_for_Zebras.html,http://www.gambitbooks.com/bigimg/Chess_for_Zebras_Big.jpg,http://www.gambitbooks.com/pdfs/Chess_for_Zebras.pdf
Burgess,27.50,Chess Highlights of the 20th Century,Gambit Publications,http://www.gambitbooks.com/books/Chess_Highlights_of_the_20th_Century.html,http://www.gambitbooks.com/bigimg/Chess_Highlights_of_the_20th_Century_Big.jpg,http://www.gambitbooks.com/pdfs/Chess_Highlights_of_the_20th_Century.pdf
Kislik,26.95,"
				  Chess Logic in Practice",Gambit Publications,http://www.gambitbooks.com/books/Chess_Logic_in_Practice.html,http://www.gambitbooks.com/bigimg/Chess_Logic_in_Practice_Big.jpg,http://www.gambitbooks.com/pdfs/Chess_Logic_in_Practice.pdf
Burgess,16.95,"Chess Opening 
				  Traps for Kids",Gambit Publications,http://www.gambitbooks.com/books/Chess_Opening_Traps_for_Kids.html,http://www.gambitbooks.com/bigimg/Chess_Opening_Traps_for_Kids_Big.jpg,http://www.gambitbooks.com/pdfs/Chess_Opening_Traps_for_Kids.pdf
Burgess,16.95,"Chess 
				  Opening Workbook for Kids",Gambit Publications,http://www.gambitbooks.com/books/Chess_Opening_Workbook_for_Kids.html,http://www.gambitbooks.com/bigimg/Chess_Opening_Workbook_for_Kids_Big.jpg,http://www.gambitbooks.com/pdfs/Chess_Opening_Workbook_for_Kids.pdf
Watson & Burgess,16.95,Chess Openings for Kids,Gambit Publications,http://www.gambitbooks.com/books/Chess_Openings_for_Kids.html,http://www.gambitbooks.com/bigimg/Chess_Openings_for_Kids_Big.jpg,http://www.gambitbooks.com/pdfs/Chess_Openings_for_Kids.pdf
Chandler,16.95,Chess Puzzles for Kids,Gambit Publications,http://www.gambitbooks.com/books/Chess_Puzzles_for_Kids.html,http://www.gambitbooks.com/bigimg/Chess_Puzzles_for_Kids_Big.jpg,http://www.gambitbooks.com/pdfs/Chess_Puzzles_for_Kids.pdf
Beim,17.95,Chess Recipes from the Grandmaster's Kitchen,Gambit Publications,http://www.gambitbooks.com/books/Chess_Recipes_from_the_Grandmaster's_Kitchen.html,http://www.gambitbooks.com/bigimg/Chess_Recipes_from_the_Grandmaster's_Kitchen_Big.jpg,http://www.gambitbooks.com/pdfs/Chess_Recipes_from_the_Grandmaster's_Kitchen.pdf
Watson,29.95,Chess Strategy in Action,Gambit Publications,http://www.gambitbooks.com/books/Chess_Strategy_in_Action.html,http://www.gambitbooks.com/bigimg/Chess_Strategy_in_Action_Big.jpg,http://www.gambitbooks.com/pdfs/Chess_Strategy_in_Action.pdf
Engqvist,16.95,"
				  Chess Strategy for Kids",Gambit Publications,http://www.gambitbooks.com/books/Chess_Strategy_for_Kids.html,http://www.gambitbooks.com/bigimg/Chess_Strategy_for_Kids_Big.jpg,http://www.gambitbooks.com/pdfs/Chess_Strategy_for_Kids.pdf
Chandler,16.95,Chess Tactics for Kids,Gambit Publications,http://www.gambitbooks.com/books/Chess_Tactics_for_Kids.html,http://www.gambitbooks.com/bigimg/Chess_Tactics_for_Kids_Big.jpg,http://www.gambitbooks.com/pdfs/Chess_Tactics_for_Kids.pdf
Nunn,16.95,"Chess 
				  Tactics Workbook for Kids",Gambit Publications,http://www.gambitbooks.com/books/Chess_Tactics_Workbook_for_Kids.html,http://www.gambitbooks.com/bigimg/Chess_Tactics_Workbook_for_Kids_Big.jpg,http://www.gambitbooks.com/pdfs/Chess_Tactics_Workbook_for_Kids.pdf
Hall,19.95,Chess Training for Budding Champions,Gambit Publications,http://www.gambitbooks.com/books/Chess_Training_for_Budding_Champions.html,http://www.gambitbooks.com/bigimg/Chess_Training_for_Budding_Champions_Big.jpg,http://www.gambitbooks.com/pdfs/Chess_Training_for_Budding_Champions.pdf
Gude,19.95,A Complete Chess Course,Gambit Publications,http://www.gambitbooks.com/books/A_Complete_Chess_Course.html,http://www.gambitbooks.com/bigimg/A_Complete_Chess_Course_Big.jpg,http://www.gambitbooks.com/pdfs/A_Complete_Chess_Course.pdf
Yakovich,14.95,The Complete Sveshnikov Sicilian,Gambit Publications,http://www.gambitbooks.com/books/The_Complete_Sveshnikov_Sicilian.html,http://www.gambitbooks.com/bigimg/The_Complete_Sveshnikov_Sicilian_Big.jpg,http://www.gambitbooks.com/pdfs/The_Complete_Sveshnikov_Sicilian.pdf
Bojkov & Georgiev,22.95,A Course in Chess Tactics,Gambit Publications,http://www.gambitbooks.com/books/A_Course_in_Chess_Tactics.html,http://www.gambitbooks.com/bigimg/A_Course_in_Chess_Tactics_Big.jpg,http://www.gambitbooks.com/pdfs/A_Course_in_Chess_Tactics.pdf
Burgess,23.95,A Cunning Chess Opening Repertoire for White,Gambit Publications,http://www.gambitbooks.com/books/A_Cunning_Chess_Opening_Repertoire_for_White.html,http://www.gambitbooks.com/bigimg/A_Cunning_Chess_Opening_Repertoire_for_White_Big.jpg,http://www.gambitbooks.com/pdfs/A_Cunning_Chess_Opening_Repertoire_for_White.pdf
Eingorn,14.95,Decision-Making at the Chessboard,Gambit Publications,http://www.gambitbooks.com/books/Decision-Making_at_the_Chessboard.html,http://www.gambitbooks.com/bigimg/Decision-Making_at_the_Chessboard_Big.jpg,http://www.gambitbooks.com/pdfs/Decision-Making_at_the_Chessboard.pdf
Kosten,24.95,The Dynamic English,Gambit Publications,http://www.gambitbooks.com/books/The_Dynamic_English.html,http://www.gambitbooks.com/bigimg/The_Dynamic_English_Big.jpg,http://www.gambitbooks.com/pdfs/The_Dynamic_English.pdf
Marović,27.95,Dynamic Pawn Play in Chess,Gambit Publications,http://www.gambitbooks.com/books/Dynamic_Pawn_Play_in_Chess.html,http://www.gambitbooks.com/bigimg/Dynamic_Pawn_Play_in_Chess_Big.jpg,http://www.gambitbooks.com/pdfs/Dynamic_Pawn_Play_in_Chess.pdf
Kosikov,22.95,Elements of Chess Strategy,Gambit Publications,http://www.gambitbooks.com/books/Elements_of_Chess_Strategy.html,http://www.gambitbooks.com/bigimg/Elements_of_Chess_Strategy_Big.jpg,http://www.gambitbooks.com/pdfs/Elements_of_Chess_Strategy.pdf
Nunn,24.95,Endgame Challenge,Gambit Publications,http://www.gambitbooks.com/books/Endgame_Challenge.html,http://www.gambitbooks.com/bigimg/Endgame_Challenge_Big.jpg,http://www.gambitbooks.com/pdfs/Endgame_Challenge.pdf
Sammalvuo,28.95,The English Attack,Gambit Publications,http://www.gambitbooks.com/books/The_English_Attack.html,http://www.gambitbooks.com/bigimg/The_English_Attack_Big.jpg,http://www.gambitbooks.com/pdfs/The_English_Attack.pdf
LeMoir,24.95,Essential Chess Sacrifices,Gambit Publications,http://www.gambitbooks.com/books/Essential_Chess_Sacrifices.html,http://www.gambitbooks.com/bigimg/Essential_Chess_Sacrifices_Big.jpg,http://www.gambitbooks.com/pdfs/Essential_Chess_Sacrifices.pdf
Yrjölä & Tella,23.95,"An Explosive Chess Opening Repertoire for
					 Black",Gambit Publications,http://www.gambitbooks.com/books/An_Explosive_Chess_Opening_Repertoire_for_Black.html,http://www.gambitbooks.com/bigimg/An_Explosive_Chess_Opening_Repertoire_for_Black_Big.jpg,http://www.gambitbooks.com/pdfs/An_Explosive_Chess_Opening_Repertoire_for_Black.pdf
Afek,21.95,Extreme Chess Tactics,Gambit Publications,http://www.gambitbooks.com/books/EXtreme_Chess_Tactics.html,http://www.gambitbooks.com/bigimg/EXtreme_Chess_Tactics_Big.jpg,http://www.gambitbooks.com/pdfs/EXtreme_Chess_Tactics.pdf
Lars Bo Hansen,14.95,Foundations of Chess Strategy,Gambit Publications,http://www.gambitbooks.com/books/Foundations_of_Chess_Strategy.html,http://www.gambitbooks.com/bigimg/Foundations_of_Chess_Strategy_Big.jpg,http://www.gambitbooks.com/pdfs/Foundations_of_Chess_Strategy.pdf
Pedersen,14.95,The French: Tarrasch Variation,Gambit Publications,http://www.gambitbooks.com/books/The_French_Tarrasch_Variation.html,http://www.gambitbooks.com/bigimg/The_French_Tarrasch_Variation_Big.jpg,http://www.gambitbooks.com/pdfs/The_French_Tarrasch_Variation.pdf
van der Sterren,29.95,"FCO:
					 Fundamental Chess Openings",Gambit Publications,http://www.gambitbooks.com/books/FCO_Fundamental_Chess_Openings.html,http://www.gambitbooks.com/bigimg/FCO_Fundamental_Chess_Openings_Big.jpg,http://www.gambitbooks.com/pdfs/FCO_Fundamental_Chess_Openings.pdf
Gude,29.95,Fundamental Checkmates,Gambit Publications,http://www.gambitbooks.com/books/Fundamental_Checkmates.html,http://www.gambitbooks.com/bigimg/Fundamental_Checkmates_Big.jpg,http://www.gambitbooks.com/pdfs/Fundamental_Checkmates.pdf
Müller & Lamprecht,29.95,Fundamental Chess Endings,Gambit Publications,http://www.gambitbooks.com/books/Fundamental_Chess_Endings.html,http://www.gambitbooks.com/bigimg/Fundamental_Chess_Endings_Big.jpg,http://www.gambitbooks.com/pdfs/Fundamental_Chess_Endings.pdf
Gude,28.95,Fundamental Chess Tactics,Gambit Publications,http://www.gambitbooks.com/books/Fundamental_Chess_Tactics.html,http://www.gambitbooks.com/bigimg/Fundamental_Chess_Tactics_Big.jpg,http://www.gambitbooks.com/pdfs/Fundamental_Chess_Tactics.pdf
Burgess,16.95,"The Gambit Book of Instructive Chess
					 Puzzles",Gambit Publications,http://www.gambitbooks.com/books/The_Gambit_Book_of_Instructive_Chess_Puzzles.html,http://www.gambitbooks.com/bigimg/The_Gambit_Book_of_Instructive_Chess_Puzzles_Big.jpg,http://www.gambitbooks.com/pdfs/The_Gambit_Book_of_Instructive_Chess_Puzzles.pdf
Pedersen,19.95,Gambit Guide to the Benko Gambit,Gambit Publications,http://www.gambitbooks.com/books/The_Gambit_Guide_to_the_Benko_Gambit.html,http://www.gambitbooks.com/bigimg/The_Gambit_Guide_to_the_Benko_Gambit_Big.jpg,http://www.gambitbooks.com/pdfs/The_Gambit_Guide_to_the_Benko_Gambit.pdf
Pedersen,19.95,Gambit Guide to the Bogo-Indian,Gambit Publications,http://www.gambitbooks.com/books/The_Gambit_Guide_to_the_Bogo-Indian.html,http://www.gambitbooks.com/bigimg/The_Gambit_Guide_to_the_Bogo-Indian_Big.jpg,http://www.gambitbooks.com/pdfs/The_Gambit_Guide_to_the_Bogo-Indian.pdf
Carsten Hansen ,23.95,Gambit Guide to the English Opening 1...e5,Gambit Publications,http://www.gambitbooks.com/books/The_Gambit_Guide_to_the_English_Opening_1---e5.html,http://www.gambitbooks.com/bigimg/The_Gambit_Guide_to_the_English_Opening_1---e5_Big.jpg,http://www.gambitbooks.com/pdfs/The_Gambit_Guide_to_the_English_Opening_1---e5.pdf
Watson,22.95,Gambit Guide to the Modern Benoni,Gambit Publications,http://www.gambitbooks.com/books/The_Gambit_Guide_to_the_Modern_Benoni.html,http://www.gambitbooks.com/bigimg/The_Gambit_Guide_to_the_Modern_Benoni_Big.jpg,http://www.gambitbooks.com/pdfs/The_Gambit_Guide_to_the_Modern_Benoni.pdf
Burgess,22.95,Gambit Guide to the Torre Attack,Gambit Publications,http://www.gambitbooks.com/books/The_Gambit_Guide_to_the_Torre_Attack.html,http://www.gambitbooks.com/bigimg/The_Gambit_Guide_to_the_Torre_Attack_Big.jpg,http://www.gambitbooks.com/pdfs/The_Gambit_Guide_to_the_Torre_Attack.pdf
Stohl,35.00,"Garry Kasparov's Greatest Chess Games, volume
					 1",Gambit Publications,http://www.gambitbooks.com/books/Garry_Kasparov's_Greatest_Chess_Games_volume_1.html,http://www.gambitbooks.com/bigimg/Garry_Kasparov's_Greatest_Chess_Games_volume_1_Big.jpg,http://www.gambitbooks.com/pdfs/Garry_Kasparov's_Greatest_Chess_Games_volume_1.pdf
Stohl,35.00,"Garry Kasparov's Greatest Chess Games, volume
					 2",Gambit Publications,http://www.gambitbooks.com/books/Garry_Kasparov's_Greatest_Chess_Games_volume_2.html,http://www.gambitbooks.com/bigimg/Garry_Kasparov's_Greatest_Chess_Games_volume_2_Big.jpg,http://www.gambitbooks.com/pdfs/Garry_Kasparov's_Greatest_Chess_Games_volume_2.pdf
Franco,26.95,The Giant Chess Puzzle Book,Gambit Publications,http://www.gambitbooks.com/books/The_Giant_Chess_Puzzle_Book.html,http://www.gambitbooks.com/bigimg/The_Giant_Chess_Puzzle_Book_Big.jpg,http://www.gambitbooks.com/pdfs/The_Giant_Chess_Puzzle_Book.pdf
Nunn,14.95,Grandmaster Chess Move by Move,Gambit Publications,http://www.gambitbooks.com/books/Grandmaster_Chess_Move_by_Move.html,http://www.gambitbooks.com/bigimg/Grandmaster_Chess_Move_by_Move_Big.jpg,http://www.gambitbooks.com/pdfs/Grandmaster_Chess_Move_by_Move.pdf
Avni,14.95,"The
					 Grandmaster's Mind",Gambit Publications,http://www.gambitbooks.com/books/The_Grandmaster's_Mind.html,http://www.gambitbooks.com/bigimg/The_Grandmaster's_Mind_Big.jpg,http://www.gambitbooks.com/pdfs/The_Grandmaster's_Mind.pdf
Wells,29.95,Grandmaster Secrets: the Caro-Kann,Gambit Publications,http://www.gambitbooks.com/books/Grandmaster_Secrets_the_Caro-Kann.html,http://www.gambitbooks.com/bigimg/Grandmaster_Secrets_the_Caro-Kann_Big.jpg,http://www.gambitbooks.com/pdfs/Grandmaster_Secrets_the_Caro-Kann.pdf
Franco,14.95,Grandmaster Secrets: Counter-Attack!,Gambit Publications,http://www.gambitbooks.com/books/Grandmaster_Secrets_Counter-Attack!.html,http://www.gambitbooks.com/bigimg/Grandmaster_Secrets_Counter-Attack!_Big.jpg,http://www.gambitbooks.com/pdfs/Grandmaster_Secrets_Counter-Attack!.pdf
Nunn,14.95,"Grandmaster Secrets: Winning Quickly at
					 Chess",Gambit Publications,http://www.gambitbooks.com/books/Grandmaster_Secrets_Winning_Quickly_at_Chess.html,http://www.gambitbooks.com/bigimg/Grandmaster_Secrets_Winning_Quickly_at_Chess_Big.jpg,http://www.gambitbooks.com/pdfs/Grandmaster_Secrets_Winning_Quickly_at_Chess.pdf
Lars Bo Hansen,29.95,How Chess Games are Won and Lost,Gambit Publications,http://www.gambitbooks.com/books/How_Chess_Games_are_Won_and_Lost.html,http://www.gambitbooks.com/bigimg/How_Chess_Games_are_Won_and_Lost_Big.jpg,http://www.gambitbooks.com/pdfs/How_Chess_Games_are_Won_and_Lost.pdf
Rizzitano,27.50,How to Beat 1 d4,Gambit Publications,http://www.gambitbooks.com/books/How_to_Beat_1_d4.html,http://www.gambitbooks.com/bigimg/How_to_Beat_1_d4_Big.jpg,http://www.gambitbooks.com/pdfs/How_to_Beat_1_d4.pdf
Johnsen,24.95,"How to Beat 
				  the Open Games",Gambit Publications,http://www.gambitbooks.com/books/How_to_Beat_the_Open_Games.html,http://www.gambitbooks.com/bigimg/How_to_Beat_the_Open_Games_Big.jpg,http://www.gambitbooks.com/pdfs/How_to_Beat_the_Open_Games.pdf
Chandler,16.95,"How to
					 Beat Your Dad at Chess",Gambit Publications,http://www.gambitbooks.com/books/How_to_Beat_Your_Dad_at_Chess.html,http://www.gambitbooks.com/bigimg/How_to_Beat_Your_Dad_at_Chess_Big.jpg,http://www.gambitbooks.com/pdfs/How_to_Beat_Your_Dad_at_Chess.pdf
LeMoir,19.95,How to Become a Deadly Chess Tactician,Gambit Publications,http://www.gambitbooks.com/books/How_to_Become_a_Deadly_Chess_Tactician.html,http://www.gambitbooks.com/bigimg/How_to_Become_a_Deadly_Chess_Tactician_Big.jpg,http://www.gambitbooks.com/pdfs/How_to_Become_a_Deadly_Chess_Tactician.pdf
LeMoir,17.95,How to be Lucky in Chess,Gambit Publications,http://www.gambitbooks.com/books/How_to_be_Lucky_in_Chess.html,http://www.gambitbooks.com/bigimg/How_to_be_Lucky_in_Chess_Big.jpg,http://www.gambitbooks.com/pdfs/How_to_be_Lucky_in_Chess.pdf
Giddins,19.95,"How to Build Your Chess Opening
					 Repertoire",Gambit Publications,http://www.gambitbooks.com/books/How_to_Build_Your_Chess_Opening_Repertoire.html,http://www.gambitbooks.com/bigimg/How_to_Build_Your_Chess_Opening_Repertoire_Big.jpg,http://www.gambitbooks.com/pdfs/How_to_Build_Your_Chess_Opening_Repertoire.pdf
Beim,26.95,How to Calculate Chess Tactics,Gambit Publications,http://www.gambitbooks.com/books/How_to_Calculate_Chess_Tactics.html,http://www.gambitbooks.com/bigimg/How_to_Calculate_Chess_Tactics_Big.jpg,http://www.gambitbooks.com/pdfs/How_to_Calculate_Chess_Tactics.pdf
Williams,14.95,How to Crush Your Chess Opponents,Gambit Publications,http://www.gambitbooks.com/books/How_to_Crush_Your_Chess_Opponents.html,http://www.gambitbooks.com/bigimg/How_to_Crush_Your_Chess_Opponents_Big.jpg,http://www.gambitbooks.com/pdfs/How_to_Crush_Your_Chess_Opponents.pdf
Crouch,24.95,How to Defend in Chess,Gambit Publications,http://www.gambitbooks.com/books/How_to_Defend_in_Chess.html,http://www.gambitbooks.com/bigimg/How_to_Defend_in_Chess_Big.jpg,http://www.gambitbooks.com/pdfs/How_to_Defend_in_Chess.pdf
Müller & Pajeken,34.95,"How to
					 Play Chess Endgames",Gambit Publications,http://www.gambitbooks.com/books/How_to_Play_Chess_Endgames.html,http://www.gambitbooks.com/bigimg/How_to_Play_Chess_Endgames_Big.jpg,http://www.gambitbooks.com/pdfs/How_to_Play_Chess_Endgames.pdf
Beim,14.95,How to Play Dynamic Chess,Gambit Publications,http://www.gambitbooks.com/books/How_to_Play_Dynamic_Chess.html,http://www.gambitbooks.com/bigimg/How_to_Play_Dynamic_Chess_Big.jpg,http://www.gambitbooks.com/pdfs/How_to_Play_Dynamic_Chess.pdf
Burgess,22.95,"
				  An Idiot-Proof Chess Opening Repertoire",Gambit Publications,http://www.gambitbooks.com/books/An_Idiot-Proof_Chess_Opening_Repertoire.html,http://www.gambitbooks.com/bigimg/An_Idiot-Proof_Chess_Opening_Repertoire_Big.jpg,http://www.gambitbooks.com/pdfs/An_Idiot-Proof_Chess_Opening_Repertoire.pdf
Lars Bo Hansen,24.95,"Improve Your Chess - by Learning from the
					 Champions",Gambit Publications,http://www.gambitbooks.com/books/Improve_your_Chess_-_by_Learning_from_the_Champions.html,http://www.gambitbooks.com/bigimg/Improve_your_Chess_-_by_Learning_from_the_Champions_Big.jpg,http://www.gambitbooks.com/pdfs/Improve_your_Chess_-_by_Learning_from_the_Champions.pdf
Carsten Hansen,25.95,Improve Your Positional Chess,Gambit Publications,http://www.gambitbooks.com/books/Improve_Your_Positional_Chess.html,http://www.gambitbooks.com/bigimg/Improve_Your_Positional_Chess_Big.jpg,http://www.gambitbooks.com/pdfs/Improve_Your_Positional_Chess.pdf
Alper Efe Ataman,16.95,Instructive Chess Miniatures,Gambit Publications,http://www.gambitbooks.com/books/Instructive_Chess_Miniatures.html,http://www.gambitbooks.com/bigimg/Instructive_Chess_Miniatures_Big.jpg,http://www.gambitbooks.com/pdfs/Instructive_Chess_Miniatures.pdf
Stohl,34.95,Instructive Modern Chess Masterpieces,Gambit Publications,http://www.gambitbooks.com/books/Instructive_Modern_Chess_Masterpieces_-_new_enlarged_edition.html,http://www.gambitbooks.com/bigimg/Instructive_Modern_Chess_Masterpieces_-_new_enlarged_edition_Big.jpg,http://www.gambitbooks.com/pdfs/Instructive_Modern_Chess_Masterpieces_-_new_enlarged_edition.pdf
Nunn,11.99,"John Nunn's Best 
				  Games",Gambit Publications,http://www.gambitbooks.com/books/John_Nunn's_Best_Games.html,http://www.gambitbooks.com/bigimg/John_Nunn's_Best_Games_Big.jpg,http://www.gambitbooks.com/pdfs/John_Nunn's_Best_Games.pdf
Nunn,24.95,John Nunn's Chess Course,Gambit Publications,http://www.gambitbooks.com/books/John_Nunn's_Chess_Course.html,http://www.gambitbooks.com/bigimg/John_Nunn's_Chess_Course_Big.jpg,http://www.gambitbooks.com/pdfs/John_Nunn's_Chess_Course.pdf
Nunn,24.95,John Nunn's Chess Puzzle Book,Gambit Publications,http://www.gambitbooks.com/books/John_Nunn's_Chess_Puzzle_Book_-_new_enlarged_edition.html,http://www.gambitbooks.com/bigimg/John_Nunn's_Chess_Puzzle_Book_-_new_enlarged_edition_Big.jpg,http://www.gambitbooks.com/pdfs/John_Nunn's_Chess_Puzzle_Book_-_new_enlarged_edition.pdf
Speelman,19.95,Jon Speelman's Chess Puzzle Book,Gambit Publications,http://www.gambitbooks.com/books/Jon_Speelman's_Chess_Puzzle_Book.html,http://www.gambitbooks.com/bigimg/Jon_Speelman's_Chess_Puzzle_Book_Big.jpg,http://www.gambitbooks.com/pdfs/Jon_Speelman's_Chess_Puzzle_Book.pdf
Summerscale & Johnsen,19.95,A Killer Chess Opening Repertoire ,Gambit Publications,http://www.gambitbooks.com/books/A_Killer_Chess_Opening_Repertoire_-_new_enlarged_edition.html,http://www.gambitbooks.com/bigimg/A_Killer_Chess_Opening_Repertoire_-_new_enlarged_edition_Big.jpg,http://www.gambitbooks.com/pdfs/A_Killer_Chess_Opening_Repertoire_-_new_enlarged_edition.pdf
Janjgava,22.95,"King's Indian and Grünfeld: Fianchetto
					 Lines",Gambit Publications,http://www.gambitbooks.com/books/King's_Indian_and_Grunfeld_Fianchetto_Lines.html,http://www.gambitbooks.com/bigimg/King's_Indian_and_Grunfeld_Fianchetto_Lines_Big.jpg,http://www.gambitbooks.com/pdfs/King's_Indian_and_Grunfeld_Fianchetto_Lines.pdf
Nunn,12.95,Learn Chess,Gambit Publications,http://www.gambitbooks.com/books/Learn_Chess.html,http://www.gambitbooks.com/bigimg/Learn_Chess_Big.jpg,http://www.gambitbooks.com/pdfs/Learn_Chess.pdf
Nunn,19.95,Learn Chess Tactics,Gambit Publications,http://www.gambitbooks.com/books/Learn_Chess_Tactics.html,http://www.gambitbooks.com/bigimg/Learn_Chess_Tactics_Big.jpg,http://www.gambitbooks.com/pdfs/Learn_Chess_Tactics.pdf
Pedersen,22.95,The Main Line French: 3 Nc3,Gambit Publications,http://www.gambitbooks.com/books/The_Main_Line_French_3_Nc3.html,http://www.gambitbooks.com/bigimg/The_Main_Line_French_3_Nc3_Big.jpg,http://www.gambitbooks.com/pdfs/The_Main_Line_French_3_Nc3.pdf
Watson,29.95,Mastering the Chess Openings volume 1,Gambit Publications,http://www.gambitbooks.com/books/Mastering_the_Chess_Openings_volume_1.html,http://www.gambitbooks.com/bigimg/Mastering_the_Chess_Openings_volume_1_Big.jpg,http://www.gambitbooks.com/pdfs/Mastering_the_Chess_Openings_volume_1.pdf
Watson,29.95,Mastering the Chess Openings volume 2,Gambit Publications,http://www.gambitbooks.com/books/Mastering_the_Chess_Openings_volume_2.html,http://www.gambitbooks.com/bigimg/Mastering_the_Chess_Openings_volume_2_Big.jpg,http://www.gambitbooks.com/pdfs/Mastering_the_Chess_Openings_volume_2.pdf
Watson,29.95,Mastering the Chess Openings volume 3,Gambit Publications,http://www.gambitbooks.com/books/Mastering_the_Chess_Openings_volume_3.html,http://www.gambitbooks.com/bigimg/Mastering_the_Chess_Openings_volume_3_Big.jpg,http://www.gambitbooks.com/pdfs/Mastering_the_Chess_Openings_volume_3.pdf
Watson,29.95,Mastering the Chess Openings volume 4,Gambit Publications,http://www.gambitbooks.com/books/Mastering_the_Chess_Openings_volume_4.html,http://www.gambitbooks.com/bigimg/Mastering_the_Chess_Openings_volume_4_Big.jpg,http://www.gambitbooks.com/pdfs/Mastering_the_Chess_Openings_volume_4.pdf
Arizmendi & Moreno,27.50,Mastering the Najdorf,Gambit Publications,http://www.gambitbooks.com/books/Mastering_the_Najdorf.html,http://www.gambitbooks.com/bigimg/Mastering_the_Najdorf_Big.jpg,http://www.gambitbooks.com/pdfs/Mastering_the_Najdorf.pdf
Emms,19.95,The Most Amazing Chess Moves of All Time,Gambit Publications,http://www.gambitbooks.com/books/The_Most_Amazing_Chess_Moves_of_All_Time.html,http://www.gambitbooks.com/bigimg/The_Most_Amazing_Chess_Moves_of_All_Time_Big.jpg,http://www.gambitbooks.com/pdfs/The_Most_Amazing_Chess_Moves_of_All_Time.pdf
Ashley,17.95,The Most Valuable Skills in Chess,Gambit Publications,http://www.gambitbooks.com/books/The_Most_Valuable_Skills_in_Chess.html,http://www.gambitbooks.com/bigimg/The_Most_Valuable_Skills_in_Chess_Big.jpg,http://www.gambitbooks.com/pdfs/The_Most_Valuable_Skills_in_Chess.pdf
Portisch,21.95,My Secrets in the Ruy Lopez,Gambit Publications,http://www.gambitbooks.com/books/My_Secrets_in_the_Ruy_Lopez.html,http://www.gambitbooks.com/bigimg/My_Secrets_in_the_Ruy_Lopez_Big.jpg,http://www.gambitbooks.com/pdfs/My_Secrets_in_the_Ruy_Lopez.pdf
Carsten Hansen,23.95,The Nimzo-Indian: 4 e3,Gambit Publications,http://www.gambitbooks.com/books/The_Nimzo-Indian_4_e3.html,http://www.gambitbooks.com/bigimg/The_Nimzo-Indian_4_e3_Big.jpg,http://www.gambitbooks.com/pdfs/The_Nimzo-Indian_4_e3.pdf
Nunn,29.95,Nunn's Chess Endings volume 1,Gambit Publications,http://www.gambitbooks.com/books/Nunn's_Chess_Endings_volume_1.html,http://www.gambitbooks.com/bigimg/Nunn's_Chess_Endings_volume_1_Big.jpg,http://www.gambitbooks.com/pdfs/Nunn's_Chess_Endings_volume_1.pdf
Nunn,29.95,Nunn's Chess Endings volume 2,Gambit Publications,http://www.gambitbooks.com/books/Nunn's_Chess_Endings_volume_2.html,http://www.gambitbooks.com/bigimg/Nunn's_Chess_Endings_volume_2_Big.jpg,http://www.gambitbooks.com/pdfs/Nunn's_Chess_Endings_volume_2.pdf
Volokitin & Grabinsky,28.95,Perfect Your Chess,Gambit Publications,http://www.gambitbooks.com/books/Perfect_Your_Chess.html,http://www.gambitbooks.com/bigimg/Perfect_Your_Chess_Big.jpg,http://www.gambitbooks.com/pdfs/Perfect_Your_Chess.pdf
Janjgava,21.95,The Petroff,Gambit Publications,http://www.gambitbooks.com/books/The_Petroff.html,http://www.gambitbooks.com/bigimg/The_Petroff_Big.jpg,http://www.gambitbooks.com/pdfs/The_Petroff.pdf
Rozentalis & Harley,21.95,Play the 2 c3 Sicilian,Gambit Publications,http://www.gambitbooks.com/books/Play_the_2_c3_Sicilian.html,http://www.gambitbooks.com/bigimg/Play_the_2_c3_Sicilian_Big.jpg,http://www.gambitbooks.com/pdfs/Play_the_2_c3_Sicilian.pdf
Bogdanov,19.95,Play the Alekhine,Gambit Publications,http://www.gambitbooks.com/books/Play_the_Alekhine.html,http://www.gambitbooks.com/bigimg/Play_the_Alekhine_Big.jpg,http://www.gambitbooks.com/pdfs/Play_the_Alekhine.pdf
Williams,18.95,Play the Classical Dutch,Gambit Publications,http://www.gambitbooks.com/books/Play_the_Classical_Dutch.html,http://www.gambitbooks.com/bigimg/Play_the_Classical_Dutch_Big.jpg,http://www.gambitbooks.com/pdfs/Play_the_Classical_Dutch.pdf
Rizzitano,22.95,Play the Najdorf Sicilian,Gambit Publications,http://www.gambitbooks.com/books/Play_the_Najdorf_Sicilian.html,http://www.gambitbooks.com/bigimg/Play_the_Najdorf_Sicilian_Big.jpg,http://www.gambitbooks.com/pdfs/Play_the_Najdorf_Sicilian.pdf
Emms,23.95,Play the Open Games as Black,Gambit Publications,http://www.gambitbooks.com/books/Play_the_Open_Games_as_Black.html,http://www.gambitbooks.com/bigimg/Play_the_Open_Games_as_Black_Big.jpg,http://www.gambitbooks.com/pdfs/Play_the_Open_Games_as_Black.pdf
Dearing,27.50,Play the Sicilian Dragon,Gambit Publications,http://www.gambitbooks.com/books/Play_the_Sicilian_Dragon.html,http://www.gambitbooks.com/bigimg/Play_the_Sicilian_Dragon_Big.jpg,http://www.gambitbooks.com/pdfs/Play_the_Sicilian_Dragon.pdf
Janjgava,21.95,The Queen's Gambit and Catalan for Black,Gambit Publications,http://www.gambitbooks.com/books/The_Queen's_Gambit_and_Catalan_for_Black.html,http://www.gambitbooks.com/bigimg/The_Queen's_Gambit_and_Catalan_for_Black_Big.jpg,http://www.gambitbooks.com/pdfs/The_Queen's_Gambit_and_Catalan_for_Black.pdf
Burgess,10.99,"
				  The Quickest Chess Victories of All Time",Gambit Publications,http://www.gambitbooks.com/books/The_Quickest_Chess_Victories_of_All_Time.html,http://www.gambitbooks.com/bigimg/The_Quickest_Chess_Victories_of_All_Time_Big.jpg,http://www.gambitbooks.com/pdfs/The_Quickest_Chess_Victories_of_All_Time.pdf
Yermolinsky,24.95,The Road to Chess Improvement,Gambit Publications,http://www.gambitbooks.com/books/The_Road_to_Chess_Improvement.html,http://www.gambitbooks.com/bigimg/The_Road_to_Chess_Improvement_Big.jpg,http://www.gambitbooks.com/pdfs/The_Road_to_Chess_Improvement.pdf
Eingorn,23.95,"A Rock-Solid Chess Opening Repertoire for
					 Black",Gambit Publications,http://www.gambitbooks.com/books/A_Rock-Solid_Chess_Opening_Repertoire_for_Black.html,http://www.gambitbooks.com/bigimg/A_Rock-Solid_Chess_Opening_Repertoire_for_Black_Big.jpg,http://www.gambitbooks.com/pdfs/A_Rock-Solid_Chess_Opening_Repertoire_for_Black.pdf
Johnsen & Johannessen ,14.95,The Ruy Lopez: a Guide for Black,Gambit Publications,http://www.gambitbooks.com/books/The_Ruy_Lopez_a_Guide_for_Black.html,http://www.gambitbooks.com/bigimg/The_Ruy_Lopez_a_Guide_for_Black_Big.jpg,http://www.gambitbooks.com/pdfs/The_Ruy_Lopez_a_Guide_for_Black.pdf
Motwani,12.50,S.T.A.R. Chess ,Gambit Publications,http://www.gambitbooks.com/books/S-T-A-R-_Chess.html,http://www.gambitbooks.com/bigimg/S-T-A-R-_Chess_Big.jpg,http://www.gambitbooks.com/pdfs/S-T-A-R-_Chess.pdf
Marin,28.95,Secrets of Attacking Chess,Gambit Publications,http://www.gambitbooks.com/books/Secrets_of_Attacking_Chess.html,http://www.gambitbooks.com/bigimg/Secrets_of_Attacking_Chess_Big.jpg,http://www.gambitbooks.com/pdfs/Secrets_of_Attacking_Chess.pdf
Marin,24.95,Secrets of Chess Defence,Gambit Publications,http://www.gambitbooks.com/books/Secrets_of_Chess_Defence.html,http://www.gambitbooks.com/bigimg/Secrets_of_Chess_Defence_Big.jpg,http://www.gambitbooks.com/pdfs/Secrets_of_Chess_Defence.pdf
Lars Bo Hansen,26.95,Secrets of Chess Endgame Strategy,Gambit Publications,http://www.gambitbooks.com/books/Secrets_of_Chess_Endgame_Strategy.html,http://www.gambitbooks.com/bigimg/Secrets_of_Chess_Endgame_Strategy_Big.jpg,http://www.gambitbooks.com/pdfs/Secrets_of_Chess_Endgame_Strategy.pdf
Beliavsky & Mikhalchishin,19.95,Secrets of Chess Intuition,Gambit Publications,http://www.gambitbooks.com/books/Secrets_of_Chess_Intuition.html,http://www.gambitbooks.com/bigimg/Secrets_of_Chess_Intuition_Big.jpg,http://www.gambitbooks.com/pdfs/Secrets_of_Chess_Intuition.pdf
Marović,14.95,Secrets of Chess Transformations,Gambit Publications,http://www.gambitbooks.com/books/Secrets_of_Chess_Transformations.html,http://www.gambitbooks.com/bigimg/Secrets_of_Chess_Transformations_Big.jpg,http://www.gambitbooks.com/pdfs/Secrets_of_Chess_Transformations.pdf
Nunn,11.99,"
				  Secrets of Grandmaster Chess",Gambit Publications,http://www.gambitbooks.com/books/John_Nunn's_Best_Games.html,http://www.gambitbooks.com/bigimg/John_Nunn's_Best_Games_Big.jpg,http://www.gambitbooks.com/pdfs/John_Nunn's_Best_Games.pdf
Watson,29.95,Secrets of Modern Chess Strategy,Gambit Publications,http://www.gambitbooks.com/books/Secrets_of_Modern_Chess_Strategy.html,http://www.gambitbooks.com/bigimg/Secrets_of_Modern_Chess_Strategy_Big.jpg,http://www.gambitbooks.com/pdfs/Secrets_of_Modern_Chess_Strategy.pdf
Müller & Lamprecht,29.95,Secrets of Pawn Endings,Gambit Publications,http://www.gambitbooks.com/books/Secrets_of_Pawn_Endings.html,http://www.gambitbooks.com/bigimg/Secrets_of_Pawn_Endings_Big.jpg,http://www.gambitbooks.com/pdfs/Secrets_of_Pawn_Endings.pdf
Nunn,19.95,Secrets of Pawnless Endings,Gambit Publications,http://www.gambitbooks.com/books/Secrets_of_Pawnless_Endings.html,http://www.gambitbooks.com/bigimg/Secrets_of_Pawnless_Endings_Big.jpg,http://www.gambitbooks.com/pdfs/Secrets_of_Pawnless_Endings.pdf
Marović,14.95,Secrets of Positional Chess,Gambit Publications,http://www.gambitbooks.com/books/Secrets_of_Positional_Chess.html,http://www.gambitbooks.com/bigimg/Secrets_of_Positional_Chess_Big.jpg,http://www.gambitbooks.com/pdfs/Secrets_of_Positional_Chess.pdf
Nunn,24.95,Secrets of Practical Chess,Gambit Publications,http://www.gambitbooks.com/books/Secrets_of_Practical_Chess_-_New_Enlarged_Edition.html,http://www.gambitbooks.com/bigimg/Secrets_of_Practical_Chess_-_New_Enlarged_Edition_Big.jpg,http://www.gambitbooks.com/pdfs/Secrets_of_Practical_Chess_-_New_Enlarged_Edition.pdf
Nunn,25.95,Secrets of Rook Endings,Gambit Publications,http://www.gambitbooks.com/books/Secrets_of_Rook_Endings.html,http://www.gambitbooks.com/bigimg/Secrets_of_Rook_Endings_Big.jpg,http://www.gambitbooks.com/pdfs/Secrets_of_Rook_Endings.pdf
Rowson,24.95,The Seven Deadly Chess Sins,Gambit Publications,http://www.gambitbooks.com/books/The_Seven_Deadly_Chess_Sins.html,http://www.gambitbooks.com/bigimg/The_Seven_Deadly_Chess_Sins_Big.jpg,http://www.gambitbooks.com/pdfs/The_Seven_Deadly_Chess_Sins.pdf
Collins,19.95,"A Simple Chess Opening Repertoire for
					 White",Gambit Publications,http://www.gambitbooks.com/books/A_Simple_Chess_Opening_Repertoire_for_White.html,http://www.gambitbooks.com/bigimg/A_Simple_Chess_Opening_Repertoire_for_White_Big.jpg,http://www.gambitbooks.com/pdfs/A_Simple_Chess_Opening_Repertoire_for_White.pdf
Burgess,22.95,"The
					 Slav",Gambit Publications,http://www.gambitbooks.com/books/The_Slav.html,http://www.gambitbooks.com/bigimg/The_Slav_Big.jpg,http://www.gambitbooks.com/pdfs/The_Slav.pdf
Nunn,14.95,Solving in Style,Gambit Publications,http://www.gambitbooks.com/books/Solving_in_Style.html,http://www.gambitbooks.com/bigimg/Solving_in_Style_Big.jpg,http://www.gambitbooks.com/pdfs/Solving_in_Style.pdf
Christiansen,19.95,Storming the Barricades,Gambit Publications,http://www.gambitbooks.com/books/Storming_the_Barricades.html,http://www.gambitbooks.com/bigimg/Storming_the_Barricades_Big.jpg,http://www.gambitbooks.com/pdfs/Storming_the_Barricades.pdf
Baker & Burgess,22.95,"A 
				  Startling Chess Opening Repertoire – New Edition",Gambit Publications,http://www.gambitbooks.com/books/A_Startling_Chess_Opening_Repertoire.html,http://www.gambitbooks.com/bigimg/A_Startling_Chess_Opening_Repertoire_Big.jpg,http://www.gambitbooks.com/pdfs/A_Startling_Chess_Opening_Repertoire.pdf
Watson,26.95,"A Strategic Chess Opening Repertoire for
					 White",Gambit Publications,http://www.gambitbooks.com/books/A_Strategic_Chess_Opening_Repertoire_for_White.html,http://www.gambitbooks.com/bigimg/A_Strategic_Chess_Opening_Repertoire_for_White_Big.jpg,http://www.gambitbooks.com/pdfs/A_Strategic_Chess_Opening_Repertoire_for_White.pdf
Emms,14.95,The Survival Guide to Rook Endings,Gambit Publications,http://www.gambitbooks.com/books/The_Survival_Guide_to_Rook_Endings.html,http://www.gambitbooks.com/bigimg/The_Survival_Guide_to_Rook_Endings_Big.jpg,http://www.gambitbooks.com/pdfs/The_Survival_Guide_to_Rook_Endings.pdf
Carsten Hansen,22.95,The Symmetrical English,Gambit Publications,http://www.gambitbooks.com/books/The_Symmetrical_English.html,http://www.gambitbooks.com/bigimg/The_Symmetrical_English_Big.jpg,http://www.gambitbooks.com/pdfs/The_Symmetrical_English.pdf
Burgess,21.95,The Taimanov Sicilian,Gambit Publications,http://www.gambitbooks.com/books/The_Taimanov_Sicilian.html,http://www.gambitbooks.com/bigimg/The_Taimanov_Sicilian_Big.jpg,http://www.gambitbooks.com/pdfs/The_Taimanov_Sicilian.pdf
Pedersen,14.95,Test Your Chess,Gambit Publications,http://www.gambitbooks.com/books/Test_Your_Chess.html,http://www.gambitbooks.com/bigimg/Test_Your_Chess_Big.jpg,http://www.gambitbooks.com/pdfs/Test_Your_Chess.pdf
Emms,26.95,The Ultimate Chess Puzzle Book,Gambit Publications,http://www.gambitbooks.com/books/The_Ultimate_Chess_Puzzle_Book.html,http://www.gambitbooks.com/bigimg/The_Ultimate_Chess_Puzzle_Book_Big.jpg,http://www.gambitbooks.com/pdfs/The_Ultimate_Chess_Puzzle_Book.pdf
Nunn,24.95,Understanding Chess Endgames,Gambit Publications,http://www.gambitbooks.com/books/Understanding_Chess_Endgames.html,http://www.gambitbooks.com/bigimg/Understanding_Chess_Endgames_Big.jpg,http://www.gambitbooks.com/pdfs/Understanding_Chess_Endgames.pdf
Nunn,24.95,Understanding Chess Middlegames,Gambit Publications,http://www.gambitbooks.com/books/Understanding_Chess_Middlegames.html,http://www.gambitbooks.com/bigimg/Understanding_Chess_Middlegames_Big.jpg,http://www.gambitbooks.com/pdfs/Understanding_Chess_Middlegames.pdf
Nunn,22.95,Understanding Chess Move by Move,Gambit Publications,http://www.gambitbooks.com/books/Understanding_Chess_Move_by_Move.html,http://www.gambitbooks.com/bigimg/Understanding_Chess_Move_by_Move_Big.jpg,http://www.gambitbooks.com/pdfs/Understanding_Chess_Move_by_Move.pdf
Marović,24.95,Understanding Pawn Play in Chess,Gambit Publications,http://www.gambitbooks.com/books/Understanding_Pawn_Play_in_Chess.html,http://www.gambitbooks.com/bigimg/Understanding_Pawn_Play_in_Chess_Big.jpg,http://www.gambitbooks.com/pdfs/Understanding_Pawn_Play_in_Chess.pdf
Müller & Konoval,26.95,Understanding Rook Endgames,Gambit Publications,http://www.gambitbooks.com/books/Understanding_Rook_Endgames.html,http://www.gambitbooks.com/bigimg/Understanding_Rook_Endgames_Big.jpg,http://www.gambitbooks.com/pdfs/Understanding_Rook_Endgames.pdf
Collins,28.95,Understanding the Chess Openings,Gambit Publications,http://www.gambitbooks.com/books/Understanding_the_Chess_Openings.html,http://www.gambitbooks.com/bigimg/Understanding_the_Chess_Openings_Big.jpg,http://www.gambitbooks.com/pdfs/Understanding_the_Chess_Openings.pdf
Rowson,24.95,Understanding the Grünfeld ,Gambit Publications,http://www.gambitbooks.com/books/Understanding_the_Grunfeld.html,http://www.gambitbooks.com/bigimg/Understanding_the_Grunfeld_Big.jpg,http://www.gambitbooks.com/pdfs/Understanding_the_Grunfeld.pdf
Vigorito,23.95,Understanding the Marshall Attack,Gambit Publications,http://www.gambitbooks.com/books/Understanding_the_Marshall_Attack.html,http://www.gambitbooks.com/bigimg/Understanding_the_Marshall_Attack_Big.jpg,http://www.gambitbooks.com/pdfs/Understanding_the_Marshall_Attack.pdf
Golubev,27.50,Understanding the King's Indian,Gambit Publications,http://www.gambitbooks.com/books/Understanding_the_King's_Indian.html,http://www.gambitbooks.com/bigimg/Understanding_the_King's_Indian_Big.jpg,http://www.gambitbooks.com/pdfs/Understanding_the_King's_Indian.pdf
Beim,21.95,Understanding the Leningrad Dutch,Gambit Publications,http://www.gambitbooks.com/books/Understanding_the_Leningrad_Dutch.html,http://www.gambitbooks.com/bigimg/Understanding_the_Leningrad_Dutch_Big.jpg,http://www.gambitbooks.com/pdfs/Understanding_the_Leningrad_Dutch.pdf
S. Kasparov,23.50,"Understanding the 
				  Scandinavian",Gambit Publications,http://www.gambitbooks.com/books/Understanding_the_Scandinavian.html,http://www.gambitbooks.com/bigimg/Understanding_the_Scandinavian_Big.jpg,http://www.gambitbooks.com/pdfs/Understanding_the_Scandinavian.pdf
Golubev,26.95,"Understanding the 
				  Sicilian",Gambit Publications,http://www.gambitbooks.com/books/Understanding_the_Sicilian.html,http://www.gambitbooks.com/bigimg/Understanding_the_Sicilian_Big.jpg,http://www.gambitbooks.com/pdfs/Understanding_the_Sicilian.pdf
Anand & Nunn,29.95,Vishy Anand: World Chess Champion,Gambit Publications,http://www.gambitbooks.com/books/Vishy_Anand_World_Chess_Champion.html,http://www.gambitbooks.com/bigimg/Vishy_Anand_World_Chess_Champion_Big.jpg,http://www.gambitbooks.com/pdfs/Vishy_Anand_World_Chess_Champion.pdf
Johnsen & Kovačević,25.95,Win with the London System,Gambit Publications,http://www.gambitbooks.com/books/Win_with_the_London_System.html,http://www.gambitbooks.com/bigimg/Win_with_the_London_System_Big.jpg,http://www.gambitbooks.com/pdfs/Win_with_the_London_System.pdf
"Johnsen, Bern & Agdestein",29.95,Win with the Stonewall Dutch,Gambit Publications,http://www.gambitbooks.com/books/Win_with_the_Stonewall_Dutch.html,http://www.gambitbooks.com/bigimg/Win_with_the_Stonewall_Dutch_Big.jpg,http://www.gambitbooks.com/pdfs/Win_with_the_Stonewall_Dutch.pdf
Sanakoev,14.95,World Champion at the Third Attempt,Gambit Publications,http://www.gambitbooks.com/books/World_Champion_at_the_Third_Attempt.html,http://www.gambitbooks.com/bigimg/World_Champion_at_the_Third_Attempt_Big.jpg,http://www.gambitbooks.com/pdfs/World_Champion_at_the_Third_Attempt.pdf
van der Sterren,9.95,Your First Chess Lessons,Gambit Publications,http://www.gambitbooks.com/books/Your_First_Chess_Lessons.html,http://www.gambitbooks.com/bigimg/Your_First_Chess_Lessons_Big.jpg,http://www.gambitbooks.com/pdfs/Your_First_Chess_Lessons.pdf
